element,delta_E_HO(eV),delta_E_O(eV),delta_E_HOO(eV)
Al,-1.3790692500000112,1.2590012999999445,2.1392372400000106
Bi,-0.7785416300000314,-1.94195665000003,2.346312920000013
Co,0.8123908599999687,2.3915820000000068,3.8315411000000488
Cu,2.4581230599999664,4.943629300000033,5.516933140000059
Fe,1.1074896899999978,2.31595733999999,4.254299069999956
Ga,1.6839628400000812,4.003188639999998,5.105871250000018
In,3.4590908900000024,5.574360289999994,6.763772239999934
Ir,2.943483339999976,4.876312850000012,6.014703359999952
Mn,1.3473512500000062,2.653902230000007,4.51535931999997
Ni,1.6607260700000417,3.8252123800000746,4.709563570000068
Os,1.9764360399999847,3.0212875999999724,4.89726350999997
Pd,3.0809862700000714,5.182485590000091,6.033825700000033
Pt,4.1256766800000015,6.085642779999979,7.194504979999987
Rh,2.720509730000036,4.504786090000074,5.745111750000046
Ru,-0.7097073700000145,0.6087122799999989,2.2759871199999218
Sb,-0.5694902699999282,-2.753418699999962,2.631338540000069
Sc,0.1021556199999942,2.32092674000004,3.346493459999987
Sn,1.718868119999943,2.322274599999936,5.162188739999987
Sr,0.9049100399999226,3.9463673399999735,4.669726049999962
Tc,1.5136863599999837,1.9785408599999883,3.930626219999976
Ti,-0.5802256400000623,0.2945826099999422,2.741891050000003
